id,name,email
1,name1,user1@example.com
2,name2,user2@example.com
3,name3,user3@example.com
4,name4,user4@example.com
5,name5,user5@example.com
6,name6,user6@example.com
7,name7,user7@example.com
8,name8,user8@example.com
9,name9,user9@example.com
10,name10,user10@example.com
11,name11,user11@example.com
12,name12,user12@example.com
13,name13,user13@example.com
14,name14,user14@example.com
15,name15,user15@example.com
16,name16,user16@example.com
17,name17,user17@example.com
18,name18,user18@example.com
19,name19,user19@example.com
20,name20,user20@example.com
21,name21,user21@example.com
22,name22,user22@example.com
23,name23,user23@example.com
24,name24,user24@example.com
25,name25,user25@example.com
26,name26,user26@example.com
27,name27,user27@example.com
28,name28,user28@example.com
29,name29,user29@example.com
30,name30,user30@example.com
31,name31,user31@example.com
32,name32,user32@example.com
33,name33,user33@example.com
34,name34,user34@example.com
35,name35,user35@example.com
36,name36,user36@example.com
37,name37,user37@example.com
38,name38,user38@example.com
39,name39,user39@example.com
40,name40,user40@example.com
41,name41,user41@example.com
42,name42,user42@example.com
43,name43,user43@example.com
44,name44,user44@example.com
45,name45,user45@example.com
46,name46,user46@example.com
47,name47,user47@example.com
48,name48,user48@example.com
49,name49,user49@example.com
50,name50,user50@example.com
51,name51,user51@example.com
52,name52,user52@example.com
53,name53,user53@example.com
54,name54,user54@example.com
55,name55,user55@example.com
56,name56,user56@example.com
57,name57,user57@example.com
58,name58,user58@example.com
59,name59,user59@example.com
60,name60,user60@example.com
61,name61,user61@example.com
62,name62,user62@example.com
63,name63,user63@example.com
64,name64,user64@example.com
65,name65,user65@example.com
66,name66,user66@example.com
67,name67,user67@example.com
68,name68,user68@example.com
69,name69,user69@example.com
70,name70,user70@example.com
71,name71,user71@example.com
72,name72,user72@example.com
73,name73,user73@example.com
74,name74,user74@example.com
75,name75,user75@example.com
76,name76,user76@example.com
77,name77,user77@example.com
78,name78,user78@example.com
79,name79,user79@example.com
80,name80,user80@example.com
81,name81,user81@example.com
82,name82,user82@example.com
83,name83,user83@example.com
84,name84,user84@example.com
85,name85,user85@example.com
86,name86,user86@example.com
87,name87,user87@example.com
88,name88,user88@example.com
89,name89,user89@example.com
90,name90,user90@example.com
91,name91,user91@example.com
92,name92,user92@example.com
93,name93,user93@example.com
94,name94,user94@example.com
95,name95,user95@example.com
96,name96,user96@example.com
97,name97,user97@example.com
98,name98,user98@example.com
99,name99,user99@example.com
100,name100,user100@example.com
101,name101,user101@example.com
102,name102,user102@example.com
103,name103,user103@example.com
104,name104,user104@example.com
105,name105,user105@example.com
106,name106,user106@example.com
107,name107,user107@example.com
108,name108,user108@example.com
109,name109,user109@example.com
110,name110,user110@example.com
111,name111,user111@example.com
112,name112,user112@example.com
113,name113,user113@example.com
114,name114,user114@example.com
115,name115,user115@example.com
116,name116,user116@example.com
117,name117,user117@example.com
118,name118,user118@example.com
119,name119,user119@example.com
120,name120,user120@example.com
121,name121,user121@example.com
122,name122,user122@example.com
123,name123,user123@example.com
124,name124,user124@example.com
125,name125,user125@example.com
126,name126,user126@example.com
127,name127,user127@example.com
128,name128,user128@example.com
129,name129,user129@example.com
130,name130,user130@example.com
131,name131,user131@example.com
132,name132,user132@example.com
133,name133,user133@example.com
134,name134,user134@example.com
135,name135,user135@example.com
136,name136,user136@example.com
137,name137,user137@example.com
138,name138,user138@example.com
139,name139,user139@example.com
140,name140,user140@example.com
141,name141,user141@example.com
142,name142,user142@example.com
143,name143,user143@example.com
144,name144,user144@example.com
145,name145,user145@example.com
146,name146,user146@example.com
147,name147,user147@example.com
148,name148,user148@example.com
149,name149,user149@example.com
150,name150,user150@example.com
151,name151,user151@example.com
152,name152,user152@example.com
153,name153,user153@example.com
154,name154,user154@example.com
155,name155,user155@example.com
156,name156,user156@example.com
157,name157,user157@example.com
158,name158,user158@example.com
159,name159,user159@example.com
160,name160,user160@example.com
161,name161,user161@example.com
162,name162,user162@example.com
163,name163,user163@example.com
164,name164,user164@example.com
165,name165,user165@example.com
166,name166,user166@example.com
167,name167,user167@example.com
168,name168,user168@example.com
169,name169,user169@example.com
170,name170,user170@example.com
171,name171,user171@example.com
172,name172,user172@example.com
173,name173,user173@example.com
174,name174,user174@example.com
175,name175,user175@example.com
176,name176,user176@example.com
177,name177,user177@example.com
178,name178,user178@example.com
179,name179,user179@example.com
180,name180,user180@example.com
181,name181,user181@example.com
182,name182,user182@example.com
183,name183,user183@example.com
184,name184,user184@example.com
185,name185,user185@example.com
186,name186,user186@example.com
187,name187,user187@example.com
188,name188,user188@example.com
189,name189,user189@example.com
190,name190,user190@example.com
191,name191,user191@example.com
192,name192,user192@example.com
193,name193,user193@example.com
194,name194,user194@example.com
195,name195,user195@example.com
196,name196,user196@example.com
197,name197,user197@example.com
198,name198,user198@example.com
199,name199,user199@example.com
200,name200,user200@example.com
201,name201,user201@example.com
202,name202,user202@example.com
203,name203,user203@example.com
204,name204,user204@example.com
205,name205,user205@example.com
206,name206,user206@example.com
207,name207,user207@example.com
208,name208,user208@example.com
209,name209,user209@example.com
210,name210,user210@example.com
211,name211,user211@example.com
212,name212,user212@example.com
213,name213,user213@example.com
214,name214,user214@example.com
215,name215,user215@example.com
216,name216,user216@example.com
217,name217,user217@example.com
218,name218,user218@example.com
219,name219,user219@example.com
220,name220,user220@example.com
221,name221,user221@example.com
222,name222,user222@example.com
223,name223,user223@example.com
224,name224,user224@example.com
225,name225,user225@example.com
226,name226,user226@example.com
227,name227,user227@example.com
228,name228,user228@example.com
229,name229,user229@example.com
230,name230,user230@example.com
231,name231,user231@example.com
232,name232,user232@example.com
233,name233,user233@example.com
234,name234,user234@example.com
235,name235,user235@example.com
236,name236,user236@example.com
237,name237,user237@example.com
238,name238,user238@example.com
239,name239,user239@example.com
240,name240,user240@example.com
241,name241,user241@example.com
242,name242,user242@example.com
243,name243,user243@example.com
244,name244,user244@example.com
245,name245,user245@example.com
246,name246,user246@example.com
247,name247,user247@example.com
248,name248,user248@example.com
249,name249,user249@example.com
250,name250,user250@example.com
251,name251,user251@example.com
252,name252,user252@example.com
253,name253,user253@example.com
254,name254,user254@example.com
255,name255,user255@example.com
256,name256,user256@example.com
257,name257,user257@example.com
258,name258,user258@example.com
259,name259,user259@example.com
260,name260,user260@example.com
261,name261,user261@example.com
262,name262,user262@example.com
263,name263,user263@example.com
264,name264,user264@example.com
265,name265,user265@example.com
266,name266,user266@example.com
267,name267,user267@example.com
268,name268,user268@example.com
269,name269,user269@example.com
270,name270,user270@example.com
271,name271,user271@example.com
272,name272,user272@example.com
273,name273,user273@example.com
274,name274,user274@example.com
275,name275,user275@example.com
276,name276,user276@example.com
277,name277,user277@example.com
278,name278,user278@example.com
279,name279,user279@example.com
280,name280,user280@example.com
281,name281,user281@example.com
282,name282,user282@example.com
283,name283,user283@example.com
284,name284,user284@example.com
285,name285,user285@example.com
286,name286,user286@example.com
287,name287,user287@example.com
288,name288,user288@example.com
289,name289,user289@example.com
290,name290,user290@example.com
291,name291,user291@example.com
292,name292,user292@example.com
293,name293,user293@example.com
294,name294,user294@example.com
295,name295,user295@example.com
296,name296,user296@example.com
297,name297,user297@example.com
298,name298,user298@example.com
299,name299,user299@example.com
300,name300,user300@example.com
